[
    {
        "name": "vedic",
        "url": "https://github.com/vedic-lang/vedic",
        "description": "Vedic is World first working Programming launguage in Sanskrit",
        "banner": "https://opengraph.githubassets.com/414d9233660abaccef484166673b683240f535086377cea81c7c859dd4a03963/vedic-lang/vedic",
        "color": "#dea584",
        "lang": "Rust",
        "date": "2022-04-11T12:06:09Z",
        "stars": 187,
        "forks": 25,
        "generatedOn": "2024-03-01 01:12:55.897575"
    },
    {
        "name": "bhagavad-gita-api",
        "url": "https://github.com/vedicscriptures/bhagavad-gita-api",
        "description": "An opensource rest API on Vedic Scripture Shrimad Bhagavad Gita",
        "banner": "https://repository-images.githubusercontent.com/314205765/0bb18d80-2b22-11eb-8f6f-ccf20c0c2679",
        "color": "#f1e05a",
        "lang": "JavaScript",
        "date": "2020-11-19T09:58:47Z",
        "stars": 138,
        "forks": 24,
        "generatedOn": "2024-03-01 01:12:55.897575"
    },
    {
        "name": "IPL-2020-Prediction",
        "url": "https://github.com/PtPrashantTripathi/IPL-2020-Prediction",
        "description": "Predictive Analysis of an IPL Match using SVM Binary Classifier",
        "banner": "https://repository-images.githubusercontent.com/299325888/77f6e880-034c-11eb-8ee1-b44403c583c2",
        "color": "#e34c26",
        "lang": "HTML",
        "date": "2020-09-28T13:58:21Z",
        "stars": 6,
        "forks": 6,
        "generatedOn": "2024-03-01 01:12:55.897575"
    },
    {
        "name": "linkpe",
        "url": "https://github.com/PtPrashantTripathi/linkpe",
        "description": "Linkpe is a Node.js based API\ud83d\udc33 to generate shareable UPI Payment links",
        "banner": "https://repository-images.githubusercontent.com/302577255/baf4a800-0e84-11eb-9ccd-61f6eeec1ddb",
        "color": "#e34c26",
        "lang": "HTML",
        "date": "2020-10-09T08:16:31Z",
        "stars": 64,
        "forks": 38,
        "generatedOn": "2024-03-01 01:12:55.897575"
    },
    {
        "name": "movieinfo",
        "url": "https://github.com/PtPrashantTripathi/movieinfo",
        "description": "Movie info app built with OMDb API that gets movie info from IMDb and Rotten Tomatoes.",
        "banner": "https://repository-images.githubusercontent.com/301684261/b94f3280-083b-11eb-84a9-dc749901f069",
        "color": "#e34c26",
        "lang": "HTML",
        "date": "2020-10-06T10:02:13Z",
        "stars": 9,
        "forks": 5,
        "generatedOn": "2024-03-01 01:12:55.897575"
    },
    {
        "name": "shreeganesh",
        "url": "https://github.com/PtPrashantTripathi/shreeganesh",
        "description": "This Astrology Android app provide solution of your life problem, based upon Krishna Jyotish Padathi.",
        "banner": "https://repository-images.githubusercontent.com/176751084/75dfc580-1238-11eb-9ff5-7c3da715308e",
        "color": "#b07219",
        "lang": "Java",
        "date": "2019-03-20T14:24:46Z",
        "stars": 14,
        "forks": 3,
        "generatedOn": "2024-03-01 01:12:55.897575"
    },
    {
        "name": "cloud-storage-system",
        "url": "https://github.com/PtPrashantTripathi/cloud-storage-system",
        "description": "An Online Cloud Storage System, with functionality to add/upload/modify data on the real-time cloud.",
        "banner": "https://opengraph.githubassets.com/4237be505f82a1e68a987225dd43a9e268a6ee32e7767382053f23ad85ceaeab/PtPrashantTripathi/cloud-storage-system",
        "color": "#b07219",
        "lang": "Java",
        "date": "2019-04-08T19:14:55Z",
        "stars": 9,
        "forks": 1,
        "generatedOn": "2024-03-01 01:12:55.897575"
    },
    {
        "name": "Adhyatma",
        "url": "https://github.com/PtPrashantTripathi/Adhyatma",
        "description": "An Emotional State vedic scripture Quotes Serach Engain",
        "banner": "https://opengraph.githubassets.com/a335cde796caa2806e093167b7d0fc3bb73fb1cf53ff8380d112fc7712779bea/PtPrashantTripathi/Adhyatma",
        "color": "#4F5D95",
        "lang": "PHP",
        "date": "2019-03-12T18:04:10Z",
        "stars": 8,
        "forks": 1,
        "generatedOn": "2024-03-01 01:12:55.897575"
    },
    {
        "name": "php-social-networking-site",
        "url": "https://github.com/PtPrashantTripathi/php-social-networking-site",
        "description": "A social Networking Site for student to show there project works and skills",
        "banner": "https://opengraph.githubassets.com/a335cde796caa2806e093167b7d0fc3bb73fb1cf53ff8380d112fc7712779bea/PtPrashantTripathi/php-social-networking-site",
        "color": "#4F5D95",
        "lang": "PHP",
        "date": "2019-02-23T17:05:29Z",
        "stars": 7,
        "forks": 0,
        "generatedOn": "2024-03-01 01:12:55.897575"
    }
]